sku,name,category,subcategory,brand,price,currency,features,specifications,attributes,image_url,seed_keywords
SKU-0001,AirFlow Pro,Electronics,Wireless Earbuds,,7039,INR,Touch controls,,"colors: Sage Green, Ocean Blue",https://placehold.co/600x600?text=Wireless%20Earbuds,wireless earbuds | bluetooth earphones
SKU-0002,Stride Watch,Electronics,Smartwatch,Nimbus Audio,8599,INR,100+ sports modes | 5 ATM water resistance | Bluetooth calling | Built-in GPS | SpO2 and heart-rate monitoring,Display: 2.01-inch AMOLED | Battery life: Up to 10 days | Water resistance: 5 ATM | Compatibility: Android and iOS,"strap: Silicone | colors: Silver, Rose Gold",https://placehold.co/600x600?text=Smartwatch,fitness tracker | smartwatch
SKU-0003,Thunder Mini,Electronics,Bluetooth Speaker,Voltix,8549,INR,Party pairing with a second speaker | IP67 waterproof and dustproof | USB-C charging | 360-degree sound,Output: 40 W | Battery life: 12 hours | Water resistance: IP67 | Weight: 724 g,"colors: Teal, Camo | use_case: Outdoor and travel",https://placehold.co/600x600?text=Bluetooth%20Speaker,bluetooth speaker | portable speaker
SKU-0004,Oversized Graphic Tee,Apparel,T-Shirt,Urban Thread,1059,INR,Breathable 180 GSM cotton | Reinforced shoulder seams | Pre-shrunk fabric | Colourfast dyes,Fabric: 100% Supima cotton | Fit: Regular | Neck: Crew | Care: Machine wash cold,"sizes: S, M, L, XL, XXL | colors: Navy, Olive, Mustard | gender: Men",https://placehold.co/600x600?text=T-Shirt,cotton t-shirt | casual tee
SKU-0005,Velocity Runner,Apparel,Running Shoes,Urban Thread,3139,INR,Rubber outsole with multi-directional grip | Breathable engineered mesh upper | Padded heel collar | Reflective details for low light,Heel-to-toe drop: 4 mm | Weight: 298 g (UK 8) | Upper: Engineered mesh | Outsole: Carbon rubber,"sizes: UK 6, UK 7, UK 8, UK 9, UK 10 | gender: Men | terrain: Road",https://placehold.co/600x600?text=Running%20Shoes,running shoes | sports shoes
SKU-0006,Festive Silk Kurta,Apparel,Kurta,Loomcraft,2729,INR,Comes with matching dupatta | Three-quarter sleeves | Side slits for easy movement | Breathable natural fabric,Fabric: Cotton | Length: Calf length | Neck: V-neck | Care: Dry clean only,"sizes: XS, S, M, L, XL | occasion: Casual | gender: Women",https://placehold.co/600x600?text=Kurta,cotton kurta | ethnic wear
SKU-0007,CrispAir 4L,Home & Kitchen,Air Fryer,Casa Nova,7189,INR,Auto shut-off | Up to 90% less oil than deep frying | Dishwasher-safe non-stick basket | Digital touch panel with 8 presets,Capacity: 5.5 L | Power: 1200 W | Temperature range: 80-200 °C | Warranty: 1 year,colors: Black,https://placehold.co/600x600?text=Air%20Fryer,digital air fryer | oil free fryer
SKU-0008,Percale Comfort Set,Home & Kitchen,Bedsheet Set,HearthWare,1889,INR,"Includes two pillow covers | Soft, breathable weave | Fade-resistant colours","Thread count: 180 TC | Material: Microfibre | Size: Queen | Contents: 1 bedsheet, 2 pillow covers","pattern: Stripes | colors: Ivory, Indigo",https://placehold.co/600x600?text=Bedsheet%20Set,double bedsheet with pillow covers | cotton bedsheet
SKU-0009,Trek Bottle,Home & Kitchen,Insulated Water Bottle,Pristine Home,1609,INR,Leak-proof lid | Double-wall vacuum insulation | Keeps drinks cold for 24 hours and hot for 12,Capacity: 750 ml | Material: 18/8 stainless steel | Weight: 422 g | Dishwasher safe: Lid only,"colors: Matte Black, Sky Blue, Coral",https://placehold.co/600x600?text=Insulated%20Water%20Bottle,steel water bottle | insulated bottle
SKU-0010,Vitamin C Brightening Serum,Beauty & Personal Care,Face Serum,Derma Lab,569,INR,"Dermatologically tested | Fragrance-free | Lightweight, fast-absorbing formula | Dropper for mess-free application",Volume: 50 ml | Key ingredient: 10% Vitamin C | Skin type: All skin types,concern: Dullness | cruelty_free: true,https://placehold.co/600x600?text=Face%20Serum,skincare serum | serum for glowing skin
SKU-0011,Matte Shield Sunscreen,Beauty & Personal Care,Sunscreen,Derma Lab,859,INR,Works under makeup | Water resistant for 80 minutes | No white cast | Broad spectrum UVA and UVB protection | Non-greasy finish,SPF: SPF 30 | PA: PA++++ | Volume: 50 g | Texture: Cream,skin_type: Oily,https://placehold.co/600x600?text=Sunscreen,sunscreen spf 50 | sunscreen for oily skin
SKU-0012,Balance Pro Mat,Sports & Fitness,Yoga Mat,IronPeak,609,INR,Non-slip textured surface | Easy to wipe clean | Alignment lines,Thickness: 4 mm | Material: NBR | Dimensions: 183 x 61 cm | Weight: 0.9 kg,"colors: Purple, Teal",https://placehold.co/600x600?text=Yoga%20Mat,yoga mat | anti slip yoga mat
SKU-0013,Power Hitter,Sports & Fitness,Cricket Bat,FlexCore,3119,INR,Pre-knocked and ready to play | Cane handle with shock absorption | Thick edges for big hitting,Willow: Grade 2 English willow | Weight: 1152 g | Size: Size 6 | Grains: 8,level: Beginner | ball_type: Tennis ball,https://placehold.co/600x600?text=Cricket%20Bat,cricket bat | kashmir willow bat
SKU-0014,Tulsi Green Tea,Grocery & Gourmet,Green Tea,Himalayan Harvest,719,INR,Whole-leaf tea | Rich in antioxidants | Resealable pouch | No artificial flavours | Sourced from hill estates,Net weight: 250 g | Form: 50 tea bags | Shelf life: 18 months | Origin: Assam,"diet: Vegan, Gluten-free",https://placehold.co/600x600?text=Green%20Tea,green tea | organic green tea
SKU-0015,Orange Peel Dark,Grocery & Gourmet,Dark Chocolate,Farm Fable,429,INR,Bean-to-bar craft chocolate | Small-batch production | No palm oil | Low sugar,Cocoa content: 80% | Net weight: 80 g | Shelf life: 12 months | Allergens: May contain milk,diet: Vegan | gift_ready: false,https://placehold.co/600x600?text=Dark%20Chocolate,healthy chocolate | craft chocolate
SKU-0016,Mini Engineers Kit,Toys & Baby,Building Blocks,Playloop,3029,INR,"Compatible with major brick brands | Builds fine motor skills | Non-toxic, BPA-free plastic",Pieces: 500 | Recommended age: 6+ years | Material: ABS plastic | Certification: BIS certified,theme: Space,https://placehold.co/600x600?text=Building%20Blocks,building blocks | educational toys
SKU-0017,Pulse Buds,Electronics,Wireless Earbuds,Voltix,2129,INR,Touch controls | Dual-device pairing | Fast charging: 10 min for 2 hours of playback,Battery life: 38 hours with case | Driver size: 11 mm | Bluetooth: 5.3 | Weight: 5 g per bud,"colors: Sage Green, Ocean Blue",https://placehold.co/600x600?text=Wireless%20Earbuds,bluetooth earphones | wireless earbuds
SKU-0018,Orbit Fit,Electronics,Smartwatch,Voltix,12269,INR,Bluetooth calling | Built-in GPS | 5 ATM water resistance | 100+ sports modes,Display: 2.01-inch AMOLED | Battery life: Up to 12 days | Water resistance: 5 ATM | Compatibility: Android and iOS,"strap: Metal mesh | colors: Rose Gold, Graphite",https://placehold.co/600x600?text=Smartwatch,smart watch with calling | fitness tracker
SKU-0019,Wave Go,Electronics,Bluetooth Speaker,Nimbus Audio,7339,INR,360-degree sound | IP67 waterproof and dustproof | USB-C charging | Party pairing with a second speaker,Output: 30 W | Battery life: 17 hours | Water resistance: IP67 | Weight: 423 g,"colors: Black, Teal | use_case: Outdoor and travel",https://placehold.co/600x600?text=Bluetooth%20Speaker,portable speaker | bluetooth speaker
SKU-0020,Everyday Crew Tee,Apparel,T-Shirt,Urban Thread,1179,INR,Reinforced shoulder seams | Pre-shrunk fabric | Colourfast dyes | Breathable 180 GSM cotton | Tagless neck label,Fabric: 100% cotton | Fit: Regular | Neck: Polo collar | Care: Machine wash cold,"sizes: S, M, L, XL, XXL | colors: White, Olive, Black | gender: Unisex",https://placehold.co/600x600?text=T-Shirt,cotton t-shirt | everyday t-shirt
SKU-0021,CloudStep 2,Apparel,Running Shoes,Urban Thread,3759,INR,Rubber outsole with multi-directional grip | Padded heel collar | Reflective details for low light | Breathable engineered mesh upper,Heel-to-toe drop: 4 mm | Weight: 301 g (UK 8) | Upper: Engineered mesh | Outsole: Carbon rubber,"sizes: UK 6, UK 7, UK 8, UK 9, UK 10 | gender: Women | terrain: Trail",https://placehold.co/600x600?text=Running%20Shoes,running shoes | sports shoes
SKU-0022,Block Print A-Line Kurta,Apparel,Kurta,Kesari,2319,INR,Hand-finished embroidery | Comes with matching dupatta | Breathable natural fabric | Side slits for easy movement,Fabric: Linen blend | Length: Calf length | Neck: Round | Care: Dry clean only,"sizes: XS, S, M, L, XL | occasion: Casual | gender: Women",https://placehold.co/600x600?text=Kurta,cotton kurta | ethnic wear
SKU-0023,HealthyFry Max,Home & Kitchen,Air Fryer,Casa Nova,7479,INR,Digital touch panel with 8 presets | Shake reminder | Up to 90% less oil than deep frying | Dishwasher-safe non-stick basket | Auto shut-off,Capacity: 3.5 L | Power: 1500 W | Temperature range: 80-200 °C | Warranty: 1 year,colors: Grey,https://placehold.co/600x600?text=Air%20Fryer,air fryer | oil free fryer
SKU-0024,Floral Dream Bedsheet,Home & Kitchen,Bedsheet Set,Pristine Home,4419,INR,"Soft, breathable weave | Fade-resistant colours | Gets softer with every wash | Includes two pillow covers | Elasticated fitted corners","Thread count: 180 TC | Material: Cotton sateen | Size: King | Contents: 1 bedsheet, 2 pillow covers","pattern: Geometric | colors: Ivory, Mint",https://placehold.co/600x600?text=Bedsheet%20Set,bed linen | cotton bedsheet
SKU-0025,ThermoFlask,Home & Kitchen,Insulated Water Bottle,HearthWare,859,INR,Double-wall vacuum insulation | BPA-free | Keeps drinks cold for 24 hours and hot for 12 | Powder-coated grip,Capacity: 1000 ml | Material: 18/8 stainless steel | Weight: 429 g | Dishwasher safe: Lid only,"colors: Sky Blue, Coral, Matte Black",https://placehold.co/600x600?text=Insulated%20Water%20Bottle,steel water bottle | insulated bottle
SKU-0026,Niacinamide Clear Skin Serum,Beauty & Personal Care,Face Serum,PureLeaf,1489,INR,"Lightweight, fast-absorbing formula | Fragrance-free | Suitable for daily use",Volume: 30 ml | Key ingredient: 10% Niacinamide + 1% Zinc | Skin type: All skin types,concern: Dehydration | cruelty_free: true,https://placehold.co/600x600?text=Face%20Serum,serum for glowing skin | face serum
SKU-0027,Matte Shield Sunscreen,Beauty & Personal Care,Sunscreen,PureLeaf,929,INR,Water resistant for 80 minutes | Works under makeup | Non-greasy finish | No white cast | Broad spectrum UVA and UVB protection,SPF: SPF 30 | PA: PA++++ | Volume: 100 g | Texture: Cream,skin_type: Oily,https://placehold.co/600x600?text=Sunscreen,no white cast sunscreen | sunscreen for oily skin
SKU-0028,Balance Pro Mat,Sports & Fitness,Yoga Mat,IronPeak,2099,INR,Non-slip textured surface | Extra cushioning for joints | Easy to wipe clean | Alignment lines,Thickness: 4 mm | Material: Natural cork and rubber | Dimensions: 183 x 61 cm | Weight: 1.8 kg,"colors: Teal, Peach",https://placehold.co/600x600?text=Yoga%20Mat,anti slip yoga mat | yoga mat
SKU-0029,Power Hitter,Sports & Fitness,Cricket Bat,FlexCore,11909,INR,Cane handle with shock absorption | Hand-picked willow | Thick edges for big hitting | Comes with a padded cover,Willow: Grade 2 English willow | Weight: 1210 g | Size: Harrow | Grains: 8,level: Professional | ball_type: Leather ball,https://placehold.co/600x600?text=Cricket%20Bat,cricket bat | kashmir willow bat
SKU-0030,Tulsi Green Tea,Grocery & Gourmet,Green Tea,Farm Fable,769,INR,No artificial flavours | Sourced from hill estates | Rich in antioxidants | Whole-leaf tea,Net weight: 250 g | Form: 50 tea bags | Shelf life: 18 months | Origin: Assam,"diet: Vegan, Gluten-free",https://placehold.co/600x600?text=Green%20Tea,green tea | organic green tea
SKU-0031,Sea Salt Almond Dark,Grocery & Gourmet,Dark Chocolate,Himalayan Harvest,429,INR,No palm oil | Small-batch production | Made with Indian cacao | Low sugar,Cocoa content: 65% | Net weight: 50 g | Shelf life: 12 months | Allergens: Contains nuts,diet: Vegan | gift_ready: false,https://placehold.co/600x600?text=Dark%20Chocolate,dark chocolate | healthy chocolate
SKU-0032,Creative Bricks Box,Toys & Baby,Building Blocks,Playloop,2189,INR,"Storage box included | Illustrated build guide | Non-toxic, BPA-free plastic | Compatible with major brick brands | Builds fine motor skills",Pieces: 300 | Recommended age: 3+ years | Material: ABS plastic | Certification: BIS certified,theme: Space,https://placehold.co/600x600?text=Building%20Blocks,building blocks | educational toys
SKU-0033,AirFlow Pro,Electronics,Wireless Earbuds,Sonora,2549,INR,Active noise cancellation | Low-latency gaming mode | IPX5 sweat resistance | Touch controls | Dual-device pairing,Battery life: 38 hours with case | Driver size: 13 mm | Bluetooth: 5.3 | Weight: 4 g per bud,"colors: Midnight Black, Pearl White",https://placehold.co/600x600?text=Wireless%20Earbuds,noise cancelling earbuds | bluetooth earphones
SKU-0034,Orbit Fit,Electronics,Smartwatch,Nimbus Audio,13519,INR,5 ATM water resistance | Sleep tracking | AMOLED always-on display,Display: 1.96-inch AMOLED | Battery life: Up to 12 days | Water resistance: 5 ATM | Compatibility: Android and iOS,"strap: Metal mesh | colors: Silver, Rose Gold",https://placehold.co/600x600?text=Smartwatch,smartwatch | fitness tracker
SKU-0035,Wave Go,Electronics,Bluetooth Speaker,,3329,INR,Party pairing with a second speaker,,"colors: Camo, Teal | use_case: Outdoor and travel",https://placehold.co/600x600?text=Bluetooth%20Speaker,waterproof speaker | portable speaker
SKU-0036,Oversized Graphic Tee,Apparel,T-Shirt,Urban Thread,839,INR,Tagless neck label | Breathable 180 GSM cotton | Pre-shrunk fabric,"Fabric: 60% cotton, 40% polyester | Fit: Oversized | Neck: Polo collar | Care: Machine wash cold","sizes: S, M, L, XL, XXL | colors: Olive, Navy, Mustard | gender: Unisex",https://placehold.co/600x600?text=T-Shirt,everyday t-shirt | cotton t-shirt
SKU-0037,Trail Blaze,Apparel,Running Shoes,,2639,INR,Responsive foam midsole,,"sizes: UK 6, UK 7, UK 8, UK 9, UK 10 | gender: Women | terrain: Treadmill",https://placehold.co/600x600?text=Running%20Shoes,running shoes | lightweight trainers
SKU-0038,Festive Silk Kurta,Apparel,Kurta,Urban Thread,3849,INR,Three-quarter sleeves | Breathable natural fabric | Hand-finished embroidery | Side slits for easy movement | Comes with matching dupatta,Fabric: Art silk | Length: Calf length | Neck: Mandarin | Care: Hand wash,"sizes: XS, S, M, L, XL | occasion: Casual | gender: Women",https://placehold.co/600x600?text=Kurta,women kurta | ethnic wear
SKU-0039,TurboCrisp,Home & Kitchen,Air Fryer,HearthWare,7119,INR,Shake reminder | Up to 90% less oil than deep frying | Dishwasher-safe non-stick basket,Capacity: 4.2 L | Power: 1700 W | Temperature range: 80-200 °C | Warranty: 1 year,colors: White,https://placehold.co/600x600?text=Air%20Fryer,air fryer | oil free fryer
SKU-0040,Egyptian Weave Set,Home & Kitchen,Bedsheet Set,Casa Nova,3659,INR,Includes two pillow covers | Fade-resistant colours | Gets softer with every wash,"Thread count: 400 TC | Material: 100% cotton | Size: Queen | Contents: 1 bedsheet, 2 pillow covers","pattern: Stripes | colors: Indigo, Mint",https://placehold.co/600x600?text=Bedsheet%20Set,double bedsheet with pillow covers | bed linen
SKU-0041,Hydra Steel,Home & Kitchen,Insulated Water Bottle,HearthWare,899,INR,Powder-coated grip | BPA-free | Leak-proof lid | Double-wall vacuum insulation,Capacity: 1000 ml | Material: 18/8 stainless steel | Weight: 295 g | Dishwasher safe: Lid only,"colors: Matte Black, Sky Blue, Coral",https://placehold.co/600x600?text=Insulated%20Water%20Bottle,steel water bottle | insulated bottle
SKU-0042,Hyaluronic Hydra Serum,Beauty & Personal Care,Face Serum,PureLeaf,929,INR,"Suitable for daily use | Lightweight, fast-absorbing formula | Dropper for mess-free application | Fragrance-free",Volume: 30 ml | Key ingredient: 10% Vitamin C | Skin type: Oily and acne-prone,concern: Dehydration | cruelty_free: true,https://placehold.co/600x600?text=Face%20Serum,face serum | serum for glowing skin
SKU-0043,Mineral Sun Fluid,Beauty & Personal Care,Sunscreen,PureLeaf,659,INR,Water resistant for 80 minutes | Broad spectrum UVA and UVB protection | Non-greasy finish | Works under makeup,SPF: SPF 30 | PA: PA++++ | Volume: 50 g | Texture: Cream,skin_type: Sensitive,https://placehold.co/600x600?text=Sunscreen,sunscreen for oily skin | sunscreen spf 50
SKU-0044,GripFlow Mat,Sports & Fitness,Yoga Mat,Vayu Sports,1479,INR,Extra cushioning for joints | Non-slip textured surface | Alignment lines | Easy to wipe clean,Thickness: 8 mm | Material: TPE | Dimensions: 183 x 61 cm | Weight: 1.8 kg,"colors: Purple, Teal",https://placehold.co/600x600?text=Yoga%20Mat,yoga mat | anti slip yoga mat
SKU-0045,Power Hitter,Sports & Fitness,Cricket Bat,Vayu Sports,2029,INR,Hand-picked willow | Pre-knocked and ready to play | Comes with a padded cover | Thick edges for big hitting | Cane handle with shock absorption,Willow: Grade 2 English willow | Weight: 1191 g | Size: Size 6 | Grains: 9,level: Beginner | ball_type: Leather ball,https://placehold.co/600x600?text=Cricket%20Bat,cricket bat | kashmir willow bat
SKU-0046,Kashmiri Kahwa,Grocery & Gourmet,Green Tea,Farm Fable,249,INR,Resealable pouch | No artificial flavours | Rich in antioxidants | Sourced from hill estates | Whole-leaf tea,Net weight: 250 g | Form: 50 tea bags | Shelf life: 18 months | Origin: Assam,"diet: Vegan, Gluten-free",https://placehold.co/600x600?text=Green%20Tea,organic green tea | herbal tea
SKU-0047,Sea Salt Almond Dark,Grocery & Gourmet,Dark Chocolate,,369,INR,Small-batch production,,diet: Vegan | gift_ready: false,https://placehold.co/600x600?text=Dark%20Chocolate,healthy chocolate | craft chocolate
SKU-0048,Mini Engineers Kit,Toys & Baby,Building Blocks,,1399,INR,Compatible with major brick brands,,theme: Vehicles,https://placehold.co/600x600?text=Building%20Blocks,building blocks | educational toys
SKU-0049,Pulse Buds,Electronics,Wireless Earbuds,,6739,INR,IPX5 sweat resistance,,"colors: Midnight Black, Pearl White",https://placehold.co/600x600?text=Wireless%20Earbuds,wireless earbuds | bluetooth earphones
SKU-0050,Stride Watch,Electronics,Smartwatch,Aurex,10439,INR,AMOLED always-on display | SpO2 and heart-rate monitoring | Built-in GPS | Bluetooth calling | 100+ sports modes,Display: 1.96-inch AMOLED | Battery life: Up to 13 days | Water resistance: 5 ATM | Compatibility: Android and iOS,"strap: Metal mesh | colors: Silver, Graphite",https://placehold.co/600x600?text=Smartwatch,smartwatch | fitness tracker
SKU-0051,Thunder Mini,Electronics,Bluetooth Speaker,Sonora,1169,INR,USB-C charging | Party pairing with a second speaker | Deep bass radiator,Output: 20 W | Battery life: 22 hours | Water resistance: IP67 | Weight: 721 g,"colors: Black, Teal | use_case: Outdoor and travel",https://placehold.co/600x600?text=Bluetooth%20Speaker,waterproof speaker | bluetooth speaker
SKU-0052,Pima Polo,Apparel,T-Shirt,Loomcraft,1019,INR,Pre-shrunk fabric | Breathable 180 GSM cotton | Colourfast dyes | Tagless neck label | Reinforced shoulder seams,"Fabric: 60% cotton, 40% polyester | Fit: Slim | Neck: Polo collar | Care: Machine wash cold","sizes: S, M, L, XL, XXL | colors: Black, White, Olive | gender: Men",https://placehold.co/600x600?text=T-Shirt,everyday t-shirt | casual tee
SKU-0053,Velocity Runner,Apparel,Running Shoes,Northline,8299,INR,Padded heel collar | Rubber outsole with multi-directional grip | Breathable engineered mesh upper | Reflective details for low light,Heel-to-toe drop: 6 mm | Weight: 308 g (UK 8) | Upper: Engineered mesh | Outsole: Carbon rubber,"sizes: UK 6, UK 7, UK 8, UK 9, UK 10 | gender: Women | terrain: Road",https://placehold.co/600x600?text=Running%20Shoes,running shoes | sports shoes
SKU-0054,Chikankari Straight Kurta,Apparel,Kurta,Loomcraft,2559,INR,Comes with matching dupatta | Breathable natural fabric | Three-quarter sleeves | Side slits for easy movement | Hand-finished embroidery,Fabric: Rayon | Length: Calf length | Neck: Mandarin | Care: Dry clean only,"sizes: XS, S, M, L, XL | occasion: Office | gender: Women",https://placehold.co/600x600?text=Kurta,cotton kurta | ethnic wear
SKU-0055,CrispAir 4L,Home & Kitchen,Air Fryer,HearthWare,5899,INR,Digital touch panel with 8 presets | Up to 90% less oil than deep frying | Auto shut-off,Capacity: 6.2 L | Power: 1200 W | Temperature range: 80-200 °C | Warranty: 2 year,colors: Grey,https://placehold.co/600x600?text=Air%20Fryer,air fryer | oil free fryer
SKU-0056,Floral Dream Bedsheet,Home & Kitchen,Bedsheet Set,Casa Nova,1659,INR,Gets softer with every wash | Elasticated fitted corners | Includes two pillow covers | Fade-resistant colours,"Thread count: 210 TC | Material: Cotton sateen | Size: Double | Contents: 1 bedsheet, 2 pillow covers","pattern: Solid | colors: Mint, Indigo",https://placehold.co/600x600?text=Bedsheet%20Set,cotton bedsheet | double bedsheet with pillow covers
SKU-0057,ThermoFlask,Home & Kitchen,Insulated Water Bottle,Casa Nova,689,INR,Keeps drinks cold for 24 hours and hot for 12 | BPA-free | Double-wall vacuum insulation,Capacity: 1000 ml | Material: 18/8 stainless steel | Weight: 386 g | Dishwasher safe: Lid only,"colors: Forest Green, Coral, Matte Black",https://placehold.co/600x600?text=Insulated%20Water%20Bottle,steel water bottle | insulated bottle
SKU-0058,Vitamin C Brightening Serum,Beauty & Personal Care,Face Serum,Glowveda,529,INR,"Lightweight, fast-absorbing formula | Suitable for daily use | Fragrance-free | Dropper for mess-free application | Dermatologically tested",Volume: 30 ml | Key ingredient: 2% Hyaluronic acid | Skin type: Dry skin,concern: Dehydration | cruelty_free: true,https://placehold.co/600x600?text=Face%20Serum,serum for glowing skin | face serum
SKU-0059,Invisible Sun Gel,Beauty & Personal Care,Sunscreen,Glowveda,599,INR,Broad spectrum UVA and UVB protection | No white cast | Non-greasy finish | Works under makeup,SPF: SPF 50 | PA: PA++++ | Volume: 50 g | Texture: Cream,skin_type: Sensitive,https://placehold.co/600x600?text=Sunscreen,sunscreen spf 50 | sunscreen for oily skin
SKU-0060,GripFlow Mat,Sports & Fitness,Yoga Mat,IronPeak,1779,INR,Non-slip textured surface | Extra cushioning for joints | Lightweight with carry strap,Thickness: 8 mm | Material: Natural cork and rubber | Dimensions: 183 x 61 cm | Weight: 0.9 kg,"colors: Peach, Charcoal",https://placehold.co/600x600?text=Yoga%20Mat,exercise mat | yoga mat
